order_id,customer_id,product,amount,status
4A2A94F2,CUST7524,Mousepad,1015.04,pending
27A6B596,CUST9810,Keyboard,457.51,shipped
BF180BF8,CUST7685,USB Hub,287.3,delivered
6257F953,CUST9087,USB Hub,839.1,delivered
45E664D2,CUST2786,Laptop,1047.45,delivered
58FB635F,CUST4211,Headphones,236.44,completed
CAF419D3,CUST8707,SSD,447.54,pending
6B37A550,CUST6625,USB Hub,491.15,completed
8BC1C026,CUST3502,Laptop,1169.91,completed
8483F9E9,CUST7123,Monitor,876.29,shipped
4EC30B71,CUST9156,Keyboard,172.41,delivered
A84F7AE7,CUST3723,USB Hub,149.81,delivered
78776BCD,CUST5793,Mouse,570.6,shipped
FCB2C658,CUST4716,RAM,6.41,shipped
B4CBC334,CUST5915,Mouse,1490.27,delivered
1C703174,CUST1171,Headphones,807.75,delivered
67FAF052,CUST6594,Headphones,559.98,delivered
4153AB3D,CUST6499,Mouse,395.16,pending
C3C986A1,CUST6511,Webcam,1429.98,delivered
842B9D8E,CUST2067,Monitor,1382.45,cancelled
78A6A8C1,CUST5672,Laptop,70.76,completed
D4E8DD97,CUST6406,Keyboard,441.68,completed
BC7E822C,CUST9401,SSD,589.14,delivered
8EFA29B9,CUST5652,SSD,253.48,delivered
15131FD0,CUST3204,USB Hub,1296.45,completed
F0C7AE29,CUST1970,Webcam,833.28,delivered
C6A3D773,CUST6397,USB Hub,134.75,delivered
72658626,CUST2893,RAM,127.12,cancelled
9F58040F,CUST6700,Mouse,1451.95,shipped
2F05B2F6,CUST6756,Headphones,1037.38,completed
491B856F,CUST1173,USB Hub,1093.17,completed
8BC47574,CUST3393,Headphones,60.95,pending
C647D17A,CUST1584,RAM,35.02,cancelled
C86781BD,CUST2228,USB Hub,1148.86,delivered
F1DD6BC4,CUST6967,Laptop,1296.66,delivered
5EAD4640,CUST5500,Headphones,629.74,shipped
3865CB6F,CUST8746,Keyboard,74.71,cancelled
0854A512,CUST5354,RAM,406.24,shipped
34CBDFCC,CUST7047,Keyboard,422.44,cancelled
75143902,CUST2748,Headphones,1053.69,delivered
AE6BD6BE,CUST6857,RAM,606.97,pending
BE5B3831,CUST2109,Webcam,956.58,pending
09FD2EBE,CUST5903,SSD,619.36,cancelled
B1939298,CUST9839,Monitor,116.38,delivered
7AE390B9,CUST7064,Mouse,80.46,completed
777027F9,CUST4567,Laptop,1192.63,completed
973E1007,CUST3836,Mousepad,843.77,delivered
DC8D9300,CUST6029,USB Hub,618.31,delivered
E211ED57,CUST1427,Keyboard,1037.83,cancelled
0D474A8B,CUST5059,Mousepad,1315.18,shipped
735528CE,CUST8679,Mousepad,85.77,shipped
D4CE56B8,CUST4598,USB Hub,1278.26,completed
1A650E58,CUST3777,Keyboard,607.69,pending
5D157B9B,CUST9990,SSD,27.81,shipped
25E5B6DE,CUST9790,RAM,23.24,completed
A3356B10,CUST9576,SSD,18.24,shipped
FD2D9E92,CUST4874,Monitor,1057.84,delivered
D6F3D5F2,CUST4450,Keyboard,655.67,cancelled
8C1560C8,CUST6401,Keyboard,607.37,cancelled
19B8536A,CUST1654,Headphones,1068.14,delivered
9778C775,CUST5976,Mouse,436.89,shipped
06F5E64D,CUST5185,Monitor,456.32,shipped
349D3A15,CUST1109,SSD,1024.81,delivered
3C8D6CD7,CUST4033,Headphones,1216.05,cancelled
F913D7F5,CUST5844,Monitor,645.64,pending
99898444,CUST7115,SSD,263.62,cancelled
14FA9D99,CUST4884,Headphones,843.55,cancelled
001F6C3F,CUST2398,Mouse,832.75,delivered
134E8DDF,CUST3762,Keyboard,252.85,delivered
EFB461D2,CUST7960,Laptop,828.26,delivered
D4132F21,CUST6269,Headphones,347.98,shipped
5FE77E42,CUST3709,RAM,367.24,delivered
0D7192E4,CUST7861,Mousepad,1067.6,delivered
D04A5011,CUST8631,Mouse,439.99,pending
D860128E,CUST1405,Laptop,1089.37,cancelled
DAF338D1,CUST4815,Laptop,431.19,delivered
03C4D8DA,CUST2491,Mouse,554.11,pending
0EB968CE,CUST8314,Headphones,292.71,cancelled
D4BF442F,CUST4765,Webcam,1024.3,cancelled
1F34F7D3,CUST6726,Mouse,7.11,delivered
9A9A2BCE,CUST8999,SSD,590.62,shipped
740D83CB,CUST3444,Headphones,118.99,delivered
20B9BFE9,CUST1544,Monitor,1491.56,shipped
15C7755A,CUST9612,Mousepad,488.54,delivered
0BF7F1F1,CUST8311,Monitor,545.38,delivered
04A76903,CUST5262,Mouse,715.97,pending
24C03F99,CUST2158,USB Hub,382.43,shipped
9C37B5B2,CUST4527,Keyboard,497.37,completed
92849417,CUST6376,Mouse,1432.35,shipped
4FD12BA0,CUST4521,Webcam,696.73,completed
339323FB,CUST9709,Laptop,1473.95,shipped
888D73CB,CUST2095,Keyboard,478.64,delivered
AC5500F5,CUST8920,Mouse,574.73,completed
71658AEB,CUST2706,SSD,309.22,cancelled
E4AA5BC0,CUST1446,RAM,437.23,cancelled
B1F64C48,CUST8076,Monitor,361.57,delivered
431617D4,CUST9122,SSD,957.92,delivered
7B13C7C2,CUST8116,Monitor,885.34,delivered
64D70ADB,CUST2539,Webcam,835.47,delivered
712B23F8,CUST1779,Mousepad,866.09,cancelled
